page,entryId,lang,sourceFile,title,description,clicks,impressions,ctr,position
https://noctalia.app/fr/blog/reves-de-voler,blog.flying-dreams-meaning,fr,docs-src/content/blog/blog.flying-dreams-meaning/fr.md,Rêves de voler : signification psychologique profonde - Noctalia,Pourquoi rêvez-vous de voler ? Explorez la psychologie des rêves de vol et ce qu'ils révèlent sur votre liberté et vos ambitions.,2,101,0.019801980198019802,21.128712871287128
https://noctalia.app/de/blog/leitfaden-zum-klartraeumen-fuer-anfaenger-uebernehmen-sie-die-kontrolle-ueber-ihre-naechte,blog.lucid-dreaming-beginners-guide,de,docs-src/content/blog/blog.lucid-dreaming-beginners-guide/de.md,Klares Träumen: Meistere die Traumkontrolle heute Abend | Noctalia,"Kontrollieren Sie Ihre Träume mit MILD, WILD und WBTB. Lernen Sie Realitätschecks, Stabilisierungsmethoden und Tipps für luzides Träumen.",1,59,0.01694915254237288,45.389830508474574
https://noctalia.app/de/blog/wiederkehrende-traeume-bedeuten-ihre-verborgenen-botschaften-verstehen,blog.recurring-dreams-meaning,de,docs-src/content/blog/blog.recurring-dreams-meaning/de.md,Wiederkehrende Träume: 10 häufigste Träume und Bedeutungen | Noctalia,Gefangen in derselben Traumschleife? Entschlüsseln Sie die 10 häufigsten wiederkehrenden Träume und die Botschaft Ihres Unterbewusstseins.,1,180,0.005555555555555556,30.461111111111112
https://noctalia.app/en/blog/dream-interpretation-history,blog.dream-interpretation-history,en,docs-src/content/blog/blog.dream-interpretation-history/en.md,Dream Interpretation History: Ancient to Modern Guide | Noctalia,"Explore the history of dream interpretation from Mesopotamia, Egypt and Greece to Freud, Jung and modern neuroscience.",1,2565,0.0003898635477582846,36.10604288499025
https://noctalia.app/en/blog/pregnancy-dreams-meaning,blog.pregnancy-dreams-meaning,en,docs-src/content/blog/blog.pregnancy-dreams-meaning/en.md,Pregnancy Dreams: Hidden Meanings Decoded | Noctalia,"Not pregnant but dreaming of babies? Explore what pregnancy dreams symbolize, from new beginnings to creativity. Understand why these powerful dreams visit you.",1,1783,0.0005608524957936063,35.61974200785193
https://noctalia.app/es/blog/historia-interpretacion-suenos,blog.dream-interpretation-history,es,docs-src/content/blog/blog.dream-interpretation-history/es.md,Interpretación de Sueños: 5000 Años de Historia | Noctalia,Viaja desde los templos egipcios hasta la neurociencia moderna. Descubre cómo las culturas decodifican el lenguaje onírico.,1,368,0.002717391304347826,28.891304347826086
https://noctalia.app/fr/blog/histoire-interpretation-reves,blog.dream-interpretation-history,fr,docs-src/content/blog/blog.dream-interpretation-history/fr.md,Interprétation des rêves : 5 000 ans d'histoire | Noctalia,Des temples antiques aux neurosciences modernes : explorez l'évolution fascinante de l'interprétation des rêves à travers les cultures.,1,226,0.004424778761061947,39.63274336283186
https://noctalia.app/it/simboli/fuoco,symbol.fire,it,data/dream-symbols.json,,,1,148,0.006756756756756757,12.783783783783784
https://noctalia.app/,page.home,en,docs-src/content/pages/page.home/en.md,Noctalia: Dream Journal with AI Interpretation,"Noctalia is a private dream journal app for recording dreams, exploring symbols, generating dream images and understanding nightly patterns.",0,323,0,53.811145510835914
https://noctalia.app/de/,page.home,de,docs-src/content/pages/page.home/de.md,Noctalia: Traumtagebuch mit KI-Deutung,"Noctalia ist eine private Traumtagebuch-App zum Aufzeichnen von Träumen, Erkunden von Symbolen und Verstehen nächtlicher Muster.",0,9,0,34
https://noctalia.app/de/agb,legal.terms,de,docs-src/content/pages/legal.terms/de.md,AGB: Nutzungsbedingungen der App | Noctalia,"Nutzungsbedingungen (AGB) der Noctalia-App: Zugriff, Abonnements, zulässige Nutzung, geistiges Eigentum, Datenschutz und Kontakt.",0,1,0,19
https://noctalia.app/de/blog/,blog.index,de,docs-src/content/blog/blog.index/de.md,Ressourcen | Noctalia – Traumtipps und Anleitungen,"Entdecken Sie Noctalia-Ressourcen zum Thema Träume: Erinnerungstechniken, Symbolbedeutungen, klares Träumen, Schlafwissenschaft und mehr.",0,26,0,33.76923076923077
https://noctalia.app/de/blog/albtraeume-hitze-stress,blog.heat-stress-nightmares,de,docs-src/content/blog/blog.heat-stress-nightmares/de.md,Albträume bei Hitze oder Stress: Was hilft? | Noctalia,"Hitze und Stress können den Schlaf unterbrechen und Albträume stärker wirken lassen. Lesen Sie, was abends, nach dem Aufwachen und bei häufigen Episoden hilft.",0,1,0,71
https://noctalia.app/de/blog/dream-journaling-der-vollstaendige-leitfaden-zum-aufzeichnen-ihrer-naechtlichen-abenteuer,blog.dream-journal-guide,de,docs-src/content/blog/blog.dream-journal-guide/de.md,Traumtagebuch: einfache Methode für heute Abend | Noctalia,"Wie Sie ein Traumtagebuch führen, was Sie nach dem Aufwachen notieren und wie Sie die Traumerinnerung verbessern, ohne die Morgenroutine zu belasten.",0,114,0,42.771929824561404
https://noctalia.app/de/blog/hitzewelle-schlaf-traeume,blog.heatwave-sleep-dreams,de,docs-src/content/blog/blog.heatwave-sleep-dreams/de.md,Hitzewelle und Schlaf: lebendige Träume | Noctalia,"Hitzewelle und Schlaf: warum heiße Nächte Wachmomente auslösen, die Traumerinnerung verändern und Fragmente lebendiger wirken lassen.",0,22,0,29.636363636363637
https://noctalia.app/de/blog/naechtlicher-laerm-schlaf-traeume,blog.night-noise-sleep-dreams,de,docs-src/content/blog/blog.night-noise-sleep-dreams/de.md,"Nächtlicher Lärm, Schlaf und Träume: fragmentierte Nächte verstehen | Noctalia","Straßenlärm, Nachbarn, Hotel oder Klimaanlage: wie Mikro-Erwachen die Traumerinnerung verändert und was Sie morgens notieren können.",0,1,0,17
https://noctalia.app/de/blog/so-erinnern-sie-sich-an-ihre-traeume-10-effektive-techniken,blog.how-to-remember-dreams,de,docs-src/content/blog/blog.how-to-remember-dreams/de.md,So erinnern Sie sich an Träume: 10 praktische Techniken | Noctalia,"Zehn praktische Gewohnheiten zur Traumerinnerung: langsam aufwachen, Fragmente notieren, eine Abendabsicht setzen und den Schlaf schützen.",0,23,0,45.91304347826087
https://noctalia.app/de/blog/traeume-nicht-zufaellig-ki-studie,blog.dreams-not-random-ai-study,de,docs-src/content/blog/blog.dreams-not-random-ai-study/de.md,Träume sind nicht zufällig: KI-Studie 2026 | Noctalia,"Eine Communications-Psychology-Studie nutzte KI, um tausende Traumberichte zu analysieren. Träume formen persönliche Merkmale und Erlebnisse um.",0,2,0,96.5
https://noctalia.app/de/blog/traeume-ueber-deinen-ex-was-sie-wirklich-bedeuten,blog.dreams-about-ex,de,docs-src/content/blog/blog.dreams-about-ex/de.md,Ex-Träume: Bedeutung und Deutung | Noctalia,Träumst du noch von deinem Ex? 6 psychologische Gründe für diese Träume und was Ihr Unterbewusstsein über vergangene Beziehungen verarbeitet.,0,1,0,38
https://noctalia.app/de/blog/traeume-und-kreativitaet,blog.dreams-and-creativity,de,docs-src/content/blog/blog.dreams-and-creativity/de.md,Träume und Kreativität: Problemlösung | Noctalia,"Erfahren Sie, wie Träume Kreativität fördern, mit berühmten Beispielen und praktischen Techniken für nächtliche Geistesblitze.",0,10,0,38.3
https://noctalia.app/de/blog/urlaub-schlaf-traeume,blog.vacation-sleep-dreams,de,docs-src/content/blog/blog.vacation-sleep-dreams/de.md,"Urlaub, Schlaf und Träume: besser schlafen unterwegs | Noctalia","Warum Urlaub Träume erinnerbarer macht: fremdes Bett, Hitze, verschobene Zeiten, kurzes Aufwachen und eine einfache Traumtagebuch-Routine.",0,5,0,17.8
https://noctalia.app/de/guides/tier-traumsymbole,guide.animal-dream-symbols,de,docs/data/curation-pages.json,,,0,2,0,74.5
https://noctalia.app/de/traumsymbole/fallen,symbol.falling,de,data/dream-symbols.json,,,0,8,0,53.125
https://noctalia.app/de/traumsymbole/fliegen,symbol.flying,de,data/dream-symbols.json,,,0,2,0,80.5
https://noctalia.app/de/traumsymbole/hund,symbol.dog,de,data/dream-symbols.json,,,0,1,0,74
https://noctalia.app/de/traumsymbole/krankenhaus,symbol.hospital,de,data/dream-symbols.json,,,0,1,0,10
https://noctalia.app/de/traumsymbole/schlange,symbol.snake,de,data/dream-symbols.json,,,0,5,0,76.6
https://noctalia.app/de/traumsymbole/tuer,symbol.door,de,data/dream-symbols.json,,,0,11,0,34.90909090909091
https://noctalia.app/de/traumsymbole/zaehne,symbol.teeth,de,data/dream-symbols.json,,,0,7,0,60
https://noctalia.app/de/ueber-uns,page.about,de,docs-src/content/pages/page.about/de.md,Über Noctalia | Noctalia,"Erfahre, wer hinter Noctalia steht, wie wir unsere Traum-Ressourcen erstellen und wie du uns kontaktieren kannst.",0,1,0,7
https://noctalia.app/en/blog/,blog.index,en,docs-src/content/blog/blog.index/en.md,Resources | Noctalia - Dream Tips and Guides,"Explore Noctalia resources about dreams: recall techniques, symbol meanings, lucid dreaming, sleep science, and more.",0,548,0,54.012773722627735
https://noctalia.app/en/blog/ai-dream-journal-privacy,blog.ai-dream-journal-privacy,en,docs-src/content/blog/blog.ai-dream-journal-privacy/en.md,AI dream journal privacy | Noctalia,"What to check before trusting an AI dream journal with intimate notes: audio, providers, model training, exports and deletion.",0,1,0,13
https://noctalia.app/en/blog/death-dreams-meaning,blog.death-dreams-meaning,en,docs-src/content/blog/blog.death-dreams-meaning/en.md,Death Dreams: 5 Hidden Meanings Explained - Noctalia,"Dreaming about death is rarely literal. Explore what death symbolizes in dreams, from transformation to endings, and decode what your mind is processing.",0,458,0,35.02183406113537
https://noctalia.app/en/blog/dream-journal-guide,blog.dream-journal-guide,en,docs-src/content/blog/blog.dream-journal-guide/en.md,Dream journal: a simple method to start tonight | Noctalia,"How to keep a dream journal, what to write after waking, and how to improve recall without turning mornings into a chore.",0,2614,0,46.63733741392502
https://noctalia.app/en/blog/dreamlike-wakefulness-sleep,blog.dreamlike-wakefulness-sleep,en,docs-src/content/blog/blog.dreamlike-wakefulness-sleep/en.md,Dreaming While Awake: Dream-Like States Are Not Only Sleep | Noctalia,"A 2026 Cell Reports study shows that dream-like mental states can appear during wakefulness, sleep onset and light sleep.",0,2,0,28.5
https://noctalia.app/en/blog/dreams-about-ex,blog.dreams-about-ex,en,docs-src/content/blog/blog.dreams-about-ex/en.md,Ex Dreams: 6 Surprising Reasons You Still Dream | Noctalia,Still dreaming about your ex? Discover 6 psychological reasons behind these dreams and what your subconscious is processing about past relationships.,0,2,0,51.5
https://noctalia.app/en/blog/dreams-feel-real-mobius-model,blog.dreams-feel-real-mobius-model,en,docs-src/content/blog/blog.dreams-feel-real-mobius-model/en.md,When Dreams Feel Real: What the MÖBIUS Model Suggests | Noctalia,The MÖBIUS model in Communications Biology explains why some dreams may feel encoded like real autobiographical memories.,0,1,0,74
https://noctalia.app/en/blog/dreams-not-random-ai-study,blog.dreams-not-random-ai-study,en,docs-src/content/blog/blog.dreams-not-random-ai-study/en.md,Your Dreams Are Not Random: What a 2026 AI Study Reveals | Noctalia,"A 2026 Communications Psychology study used AI to analyze thousands of dreams and waking reports. Dreams appear to remix traits, habits and lived experience.",0,63,0,46.01587301587302
https://noctalia.app/en/blog/exam-dreams-meaning,blog.exam-dreams-meaning,en,docs-src/content/blog/blog.exam-dreams-meaning/en.md,"Exam dreams meaning: fail, pass or unprepared | Noctalia","What exam dreams mean, from failing a test to passing one, arriving unprepared, or facing finals season stress.",0,29,0,39.37931034482759
https://noctalia.app/en/blog/falling-dreams-meaning,blog.falling-dreams-meaning,en,docs-src/content/blog/blog.falling-dreams-meaning/en.md,Falling Dreams Meaning: Why You Dream of Falling - Noctalia,Explore 7 psychological meanings behind falling dreams. Understand why this dream happens and what feelings of losing control reveal about your waking life.,0,83,0,69.46987951807229
https://noctalia.app/en/blog/flying-dreams-meaning,blog.flying-dreams-meaning,en,docs-src/content/blog/blog.flying-dreams-meaning/en.md,"Flying Dreams Meaning: Freedom, Control or Escape | Noctalia","What do flying dreams mean? Learn how soaring, struggling to fly, flying away from danger, and lucid flight point to freedom, control or escape.",0,1312,0,39.358993902439025
https://noctalia.app/en/blog/heat-stress-nightmares,blog.heat-stress-nightmares,en,docs-src/content/blog/blog.heat-stress-nightmares/en.md,"Heat, Stress and Nightmares: What Helps | Noctalia","Hot nights and stress can fragment sleep and intensify nightmare recall. Learn what helps before bed, after waking, and when to seek professional advice.",0,2,0,54
https://noctalia.app/en/blog/heatwave-sleep-dreams,blog.heatwave-sleep-dreams,en,docs-src/content/blog/blog.heatwave-sleep-dreams/en.md,Heatwaves and sleep: vivid dreams | Noctalia,"Heatwaves and sleep: why hot nights trigger awakenings, change dream recall, and can make some dream fragments feel more vivid.",0,3,0,17.333333333333332
https://noctalia.app/en/blog/how-to-remember-dreams,blog.how-to-remember-dreams,en,docs-src/content/blog/blog.how-to-remember-dreams/en.md,How to Remember Dreams: 10 Practical Recall Techniques | Noctalia,"Ten practical dream-recall habits: wake slowly, record fragments, set a bedtime intention, protect sleep and keep a dream journal.",0,415,0,63.98313253012048
https://noctalia.app/en/blog/lucid-dreaming-beginners-guide,blog.lucid-dreaming-beginners-guide,en,docs-src/content/blog/blog.lucid-dreaming-beginners-guide/en.md,Lucid Dreaming: Master Dream Control Tonight | Noctalia,"Take control of your dreams with MILD, WILD, and WBTB techniques. Learn reality checks, stabilization methods, and proven tips to achieve lucidity within weeks.",0,3692,0,37.88813651137595
https://noctalia.app/en/blog/precognitive-dreams-science,blog.precognitive-dreams-science,en,docs-src/content/blog/blog.precognitive-dreams-science/en.md,Are Precognitive Dreams Real? Science & Bias | Noctalia,"Are precognitive dreams real? Review the evidence, research limits, and how confirmation bias, coincidence and memory shape apparent predictions.",0,159,0,44.23270440251572
https://noctalia.app/en/blog/sleep-paralysis-guide,blog.sleep-paralysis-guide,en,docs-src/content/blog/blog.sleep-paralysis-guide/en.md,Sleep Paralysis: Causes and How to Stop It | Noctalia,"Waking up unable to move? Understand why sleep paralysis happens, what triggers hallucinations, and proven techniques to prevent and escape terrifying episodes.",0,1,0,106
https://noctalia.app/en/blog/stop-nightmares-guide,blog.stop-nightmares-guide,en,docs-src/content/blog/blog.stop-nightmares-guide/en.md,"Nightmares: Causes, Meaning, and How to Stop Them - Noctalia","Tired of waking up terrified? Understand nightmare causes and master proven techniques like IRT to reduce frequency and reclaim peaceful, restorative sleep.",0,21,0,79
https://noctalia.app/en/blog/stress-dreams-work,blog.stress-dreams-work,en,docs-src/content/blog/blog.stress-dreams-work/en.md,Stress Dreams About Work: Why Your Job Follows You to Sleep | Noctalia,"Understand why you dream about work, the science behind job-related stress dreams, and proven strategies to stop your career from invading your sleep.",0,13,0,34.53846153846154
https://noctalia.app/en/blog/teeth-falling-out-dreams,blog.teeth-falling-out-dreams,en,docs-src/content/blog/blog.teeth-falling-out-dreams/en.md,Teeth Falling Out Dreams: 7 Meanings Revealed | Noctalia,Dreaming your teeth are crumbling? Explore 7 psychological interpretations from stress to life transitions. Understand what this dream reveals about you.,0,164,0,73.65853658536585
https://noctalia.app/en/blog/vacation-sleep-dreams,blog.vacation-sleep-dreams,en,docs-src/content/blog/blog.vacation-sleep-dreams/en.md,"Vacation, Sleep and Dreams: Sleeping Better Away | Noctalia","Why vacations make dreams easier to remember: unfamiliar beds, heat, shifted schedules, micro-awakenings and a simple morning journal routine.",0,27,0,49.7037037037037
https://noctalia.app/en/blog/vivid-dreams-restful-sleep,blog.vivid-dreams-restful-sleep,en,docs-src/content/blog/blog.vivid-dreams-restful-sleep/en.md,Vivid Dreams and Restful Sleep: New Study | Noctalia,A March 2026 PLOS Biology study suggests immersive dreams may make sleep feel deeper and more restorative. Here is what it means for dream journaling.,0,37,0,48.027027027027025
https://noctalia.app/en/blog/why-we-forget-dreams,blog.why-we-forget-dreams,en,docs-src/content/blog/blog.why-we-forget-dreams/en.md,Why Do We Forget Our Dreams? | Noctalia,"Discover why we forget 95% of our dreams upon waking. Learn about brain chemistry, REM sleep, and proven techniques to remember your dreams.",0,5,0,61.8
https://noctalia.app/en/guides/dream-symbols-dictionary,guide.dictionary,en,docs/data/symbol-i18n.json,,,0,813,0,53.8130381303813
https://noctalia.app/en/guides/most-common-dream-symbols,guide.most-common-dream-symbols,en,docs/data/curation-pages.json,,,0,21,0,61.95238095238095
https://noctalia.app/en/guides/water-dream-symbols,guide.water-dream-symbols,en,docs/data/curation-pages.json,,,0,10,0,55
https://noctalia.app/en/press,page.press,en,docs-src/content/pages/page.press/en.md,Noctalia Press Kit | AI Dream Journal,"Press kit for Noctalia, the AI-powered dream journal app for voice capture, dream interpretation, symbols, themes, images, and guided reflection.",0,1,0,43
https://noctalia.app/en/symbols/death,symbol.death,en,data/dream-symbols.json,,,0,301,0,49.7641196013289
https://noctalia.app/en/symbols/dog,symbol.dog,en,data/dream-symbols.json,,,0,191,0,20.073298429319372
https://noctalia.app/en/symbols/door,symbol.door,en,data/dream-symbols.json,,,0,155,0,40.12258064516129
https://noctalia.app/en/symbols/flying,symbol.flying,en,data/dream-symbols.json,,,0,29,0,58.13793103448276
https://noctalia.app/en/symbols/forest,symbol.forest,en,data/dream-symbols.json,,,0,7,0,76.28571428571429
https://noctalia.app/en/symbols/spider,symbol.spider,en,data/dream-symbols.json,,,0,2,0,95
https://noctalia.app/en/symbols/teeth,symbol.teeth,en,data/dream-symbols.json,,,0,61,0,70.62295081967213
https://noctalia.app/en/terms,legal.terms,en,docs-src/content/pages/legal.terms/en.md,Terms of Use | Noctalia,"Noctalia terms of use: conditions for accessing the dream journal app, subscriptions, acceptable use, privacy and contact information.",0,1,0,41
https://noctalia.app/es/,page.home,es,docs-src/content/pages/page.home/es.md,Noctalia: diario de sueños con interpretación IA,"Noctalia es una app privada de diario de sueños para registrar sueños, explorar símbolos, generar imágenes y entender tus noches.",0,13,0,21.46153846153846
https://noctalia.app/es/blog/,blog.index,es,docs-src/content/blog/blog.index/es.md,Recursos | Noctalia - Consejos y Guías sobre Sueños,"Explora los recursos de Noctalia sobre sueños: técnicas para recordarlos, significados de símbolos, sueños lúcidos, ciencia del sueño y más.",0,39,0,30.487179487179485
https://noctalia.app/es/blog/como-recordar-suenos,blog.how-to-remember-dreams,es,docs-src/content/blog/blog.how-to-remember-dreams/es.md,Cómo recordar tus sueños: 10 técnicas prácticas | Noctalia,"Diez hábitos para el recuerdo onírico: despertar despacio, registrar fragmentos, fijar una intención y cuidar el descanso.",0,194,0,27.932989690721648
https://noctalia.app/es/blog/dia-sueno-medio-ambiente-suenos,blog.sleep-day-environment-dreams,es,docs-src/content/blog/blog.sleep-day-environment-dreams/es.md,Día del Sueño 2026: cómo tu entorno transforma tus sueños | Noctalia,"El Día Nacional del Sueño 2026 destaca el impacto del entorno en el descanso. Luz, ruido, temperatura: descubre cómo optimizar tu espacio para soñar mejor.",0,2,0,19.5
https://noctalia.app/es/blog/guia-diario-suenos,blog.dream-journal-guide,es,docs-src/content/blog/blog.dream-journal-guide/es.md,Diario de sueños: método simple para empezar esta noche | Noctalia,"Cómo llevar un diario de sueños, qué anotar al despertar y cómo mejorar el recuerdo sin convertir la mañana en una tarea pesada.",0,850,0,32.73529411764706
https://noctalia.app/es/blog/guia-incubacion-suenos,blog.dream-incubation-guide,es,docs-src/content/blog/blog.dream-incubation-guide/es.md,Incubación de Sueños: Programa Tus Sueños Hoy | Noctalia,Descubre el arte ancestral de programar tus sueños. Técnicas probadas para resolver problemas y encontrar creatividad durmiendo.,0,34,0,16.323529411764707
https://noctalia.app/es/blog/guia-paralisis-sueno,blog.sleep-paralysis-guide,es,docs-src/content/blog/blog.sleep-paralysis-guide/es.md,"Parálisis del Sueño: Causas, Síntomas y Soluciones | Noctalia",Entiende por qué ocurre la parálisis del sueño y cómo detenerla. Técnicas probadas para prevenir episodios y dormir tranquilo.,0,154,0,62.5
https://noctalia.app/es/blog/guia-pesadillas,blog.stop-nightmares-guide,es,docs-src/content/blog/blog.stop-nightmares-guide/es.md,"Pesadillas: Causas, Significado y Cómo Detenerlas - Noctalia","¿Por qué tienes pesadillas? Descubre sus causas reales, significado oculto y 5 técnicas probadas para dormir sin miedo.",0,1,0,25
https://noctalia.app/es/blog/guia-suenos-lucidos-principiantes,blog.lucid-dreaming-beginners-guide,es,docs-src/content/blog/blog.lucid-dreaming-beginners-guide/es.md,Sueños Lúcidos: Guía para Principiantes - Noctalia,"Aprende a controlar tus sueños con técnicas MILD, WILD y WBTB. Guía paso a paso para principiantes en sueños lúcidos.",0,674,0,39.70623145400594
https://noctalia.app/es/blog/guia-suenos-ninos,blog.children-dreams-guide,es,docs-src/content/blog/blog.children-dreams-guide/es.md,Sueños de los niños: de qué sueñan y cómo ayudarlos | Noctalia,"Comprende de qué sueñan los niños en cada edad, por qué tienen pesadillas y cómo los padres pueden ayudarlos a desarrollar una relación sana con el sueño.",0,7,0,67.71428571428571
https://noctalia.app/es/blog/ia-analisis-sueno-suenos,blog.ai-sleep-analysis,es,docs-src/content/blog/blog.ai-sleep-analysis/es.md,La IA que analiza tu sueño: la revolución SleepFM | Noctalia,"Stanford publica SleepFM, una IA que predice Parkinson y cánceres a partir de una noche de sueño.",0,2,0,2
https://noctalia.app/es/blog/ola-calor-sueno-suenos,blog.heatwave-sleep-dreams,es,docs-src/content/blog/blog.heatwave-sleep-dreams/es.md,Ola de calor y sueño: sueños vívidos | Noctalia,"Ola de calor y sueño: por qué las noches calurosas provocan despertares, cambian el recuerdo y vuelven algunos fragmentos más vívidos.",0,54,0,36.370370370370374
https://noctalia.app/es/blog/privacidad-ia-diario-suenos,blog.ai-dream-journal-privacy,es,docs-src/content/blog/blog.ai-dream-journal-privacy/es.md,"Privacidad, IA y diario de sueños | Noctalia","Qué revisar antes de confiar tus sueños a un diario con IA: audio, proveedores, entrenamiento, exportación y eliminación.",0,3,0,42
https://noctalia.app/es/blog/rastreadores-sueno-wearables-suenos,blog.wearable-sleep-trackers,es,docs-src/content/blog/blog.wearable-sleep-trackers/es.md,Rastreadores de sueño wearables y sueños | Noctalia,El 40 % de las personas monitorean su sueño semanalmente con wearables.,0,2,0,15
https://noctalia.app/es/blog/significado-suenos-recurrentes,blog.recurring-dreams-meaning,es,docs-src/content/blog/blog.recurring-dreams-meaning/es.md,Sueños Recurrentes: Descifra sus Mensajes Ocultos | Noctalia,¿Por qué repites el mismo sueño? Descubre el significado de los 10 sueños recurrentes más comunes y su mensaje oculto.,0,12,0,36
https://noctalia.app/es/blog/sonar-con-examen-significado,blog.exam-dreams-meaning,es,docs-src/content/blog/blog.exam-dreams-meaning/es.md,"Soñar con examen: aprobar, reprobar o no estudiar | Noctalia","Qué significa soñar con examen, examen final, aprobar, reprobar o no haber estudiado, especialmente en época de finales.",0,17,0,14.882352941176471
https://noctalia.app/es/blog/sonar-despierto-estados-oniricos,blog.dreamlike-wakefulness-sleep,es,docs-src/content/blog/blog.dreamlike-wakefulness-sleep/es.md,Soñar despierto: los estados oníricos no son solo del sueño | Noctalia,"Un estudio de Cell Reports muestra que estados mentales parecidos al sueño pueden aparecer durante la vigilia, el inicio del sueño y el sueño ligero.",0,4,0,40.25
https://noctalia.app/es/blog/sueno-rem-suenos,blog.rem-sleep-dreams,es,docs-src/content/blog/blog.rem-sleep-dreams/es.md,Sueño REM: El Secreto de Tus Sueños Vívidos | Noctalia,Descubre la ciencia del sueño REM y por qué genera tus sueños más vívidos. Aprende a optimizar tus ciclos de sueño.,0,171,0,64.67251461988303
https://noctalia.app/es/blog/suenos-con-ex,blog.dreams-about-ex,es,docs-src/content/blog/blog.dreams-about-ex/es.md,¿Qué significa soñar con tu ex? 7 explicaciones | Noctalia,"Entiende por qué sueñas con tu ex, qué emociones no resueltas puede reflejar y cómo cambia el significado según el tipo de sueño.",0,69,0,38.15942028985507
https://noctalia.app/es/blog/suenos-con-serpientes,blog.snake-dreams-meaning,es,docs-src/content/blog/blog.snake-dreams-meaning/es.md,Soñar con Serpientes: Significado Revelado | Noctalia,¿Qué significa soñar con serpientes? Descubre el simbolismo oculto y los 7 mensajes que tu subconsciente te envía.,0,206,0,35.150485436893206
https://noctalia.app/es/blog/suenos-de-agua,blog.water-dreams-meaning,es,docs-src/content/blog/blog.water-dreams-meaning/es.md,"Soñar con inundación: agua sucia, casa y mar | Noctalia","Qué significa soñar con inundación, agua sucia, casa inundada o que el mar se sale e inunda: claves para leer emoción, límites y seguridad.",0,1378,0,28.124818577648767
https://noctalia.app/es/blog/suenos-de-caer,blog.falling-dreams-meaning,es,docs-src/content/blog/blog.falling-dreams-meaning/es.md,¿Qué significa soñar que caes al vacío? | Noctalia,"Aprende por qué sueñas que te caes y cómo se interpreta según la altura, el miedo, la pérdida de control o el estrés actual.",0,24,0,56.916666666666664
https://noctalia.app/es/blog/suenos-de-embarazo,blog.pregnancy-dreams-meaning,es,docs-src/content/blog/blog.pregnancy-dreams-meaning/es.md,Sueños de Embarazo: Significado Simbólico | Noctalia,"¿Por qué sueñas con estar embarazada? Descubre el significado simbólico, aunque no estés esperando un bebé.",0,4,0,1.5
https://noctalia.app/es/blog/suenos-de-muerte,blog.death-dreams-meaning,es,docs-src/content/blog/blog.death-dreams-meaning/es.md,"Soñar con muerte: significado emocional, cambio y duelo | Noctalia","Soñar con muerte no suele ser una predicción. Lee qué significa soñar con tu muerte, un familiar muerto, un funeral o matar a alguien.",0,101,0,27.485148514851485
https://noctalia.app/es/blog/suenos-de-volar,blog.flying-dreams-meaning,es,docs-src/content/blog/blog.flying-dreams-meaning/es.md,Soñar que vuelas o te elevas en el aire | Noctalia,"Qué significa soñar que vuelas, soñar con volar o elevarte en el aire: libertad, escape, miedo, control y caída.",0,609,0,30.185550082101805
https://noctalia.app/es/blog/suenos-demasiado-reales-modelo-mobius,blog.dreams-feel-real-mobius-model,es,docs-src/content/blog/blog.dreams-feel-real-mobius-model/es.md,Sueños demasiado reales: qué propone el modelo MÖBIUS | Noctalia,El modelo MÖBIUS publicado en Communications Biology explica por qué algunos sueños parecen grabarse como recuerdos reales.,0,2,0,52
https://noctalia.app/es/blog/suenos-estres-trabajo,blog.stress-dreams-work,es,docs-src/content/blog/blog.stress-dreams-work/es.md,Sueños de estrés laboral: causas y soluciones | Noctalia,"Comprende por qué sueñas con el trabajo, la ciencia detrás de los sueños de estrés laboral y estrategias probadas para recuperar tus noches.",0,3,0,44.333333333333336
https://noctalia.app/es/blog/suenos-no-son-aleatorios-estudio-ia,blog.dreams-not-random-ai-study,es,docs-src/content/blog/blog.dreams-not-random-ai-study/es.md,Tus sueños no son aleatorios: estudio IA 2026 | Noctalia,Un estudio de Communications Psychology usó IA para analizar miles de sueños y muestra cómo transforman rasgos personales y experiencias vividas.,0,3,0,32.66666666666667
https://noctalia.app/es/blog/suenos-premonitorios-ciencia,blog.precognitive-dreams-science,es,docs-src/content/blog/blog.precognitive-dreams-science/es.md,Sueños Premonitorios: La Verdad Científica - Noctalia,"¿Pueden los sueños predecir el futuro? Explora la ciencia, casos famosos y lo que revela la investigación moderna.",0,172,0,32.27325581395348
https://noctalia.app/es/blog/suenos-ser-perseguido,blog.being-chased-dreams,es,docs-src/content/blog/blog.being-chased-dreams/es.md,Sueños de Persecución: Significado Psicológico | Noctalia,¿Por qué sueñas que te persiguen? Descubre el significado oculto sobre miedo y evitación en tu subconsciente.,0,358,0,22.5
https://noctalia.app/es/blog/vacaciones-sueno-suenos,blog.vacation-sleep-dreams,es,docs-src/content/blog/blog.vacation-sleep-dreams/es.md,"Vacaciones, sueño y sueños: dormir mejor fuera | Noctalia","Por qué las vacaciones hacen que recuerdes más sueños: cama desconocida, calor, horarios cambiados, microdespertares y una rutina breve de diario.",0,4,0,22
https://noctalia.app/es/politica-privacidad,legal.privacy,es,docs-src/content/pages/legal.privacy/es.md,Política de privacidad | Noctalia,"Política de privacidad de Noctalia: datos recopilados, finalidades, alojamiento, proveedores de IA, retención, seguridad y tus derechos RGPD.",0,2,0,22.5
https://noctalia.app/es/simbolos/agua,symbol.water,es,data/dream-symbols.json,,,0,8,0,31.375
https://noctalia.app/es/simbolos/arana,symbol.spider,es,data/dream-symbols.json,,,0,9,0,77.44444444444444
https://noctalia.app/es/simbolos/fuego,symbol.fire,es,data/dream-symbols.json,,,0,14,0,17.571428571428573
https://noctalia.app/es/simbolos/hospital,symbol.hospital,es,data/dream-symbols.json,,,0,68,0,48.63235294117647
https://noctalia.app/es/simbolos/lobo,symbol.wolf,es,data/dream-symbols.json,,,0,136,0,34.97794117647059
https://noctalia.app/es/simbolos/perro,symbol.dog,es,data/dream-symbols.json,,,0,52,0,31.865384615384617
https://noctalia.app/es/simbolos/persecucion,symbol.chase,es,data/dream-symbols.json,,,0,3,0,65.66666666666667
https://noctalia.app/es/simbolos/puente,symbol.bridge,es,data/dream-symbols.json,,,0,254,0,12.87007874015748
https://noctalia.app/es/simbolos/puerta,symbol.door,es,data/dream-symbols.json,,,0,239,0,21.13389121338912
https://noctalia.app/fr/,page.home,fr,docs-src/content/pages/page.home/fr.md,Noctalia : journal de rêves avec interprétation IA,"Noctalia est une application privée de journal de rêves pour enregistrer vos rêves, explorer les symboles et comprendre vos nuits.",0,36,0,39.5
https://noctalia.app/fr/blog/,blog.index,fr,docs-src/content/blog/blog.index/fr.md,Ressources | Noctalia - Conseils et guides sur les rêves,"Explorez les ressources Noctalia sur les rêves : techniques pour retenir vos rêves, signification des symboles, rêve lucide, science du sommeil et plus.",0,31,0,34.61290322580645
https://noctalia.app/fr/blog/canicule-sommeil-reves,blog.heatwave-sleep-dreams,fr,docs-src/content/blog/blog.heatwave-sleep-dreams/fr.md,Canicule et sommeil : rêves plus intenses | Noctalia,"Canicule et sommeil : pourquoi les nuits chaudes provoquent des réveils, changent le rappel des rêves et rendent certains fragments plus vifs.",0,78,0,39.73076923076923
https://noctalia.app/fr/blog/comment-se-souvenir-de-ses-reves,blog.how-to-remember-dreams,fr,docs-src/content/blog/blog.how-to-remember-dreams/fr.md,Se souvenir de ses rêves : 10 techniques simples | Noctalia,"Routine des 3 premières minutes, journal ou dictaphone, méthode du soir et erreurs à éviter pour mieux se rappeler de ses rêves.",0,75,0,40.666666666666664
https://noctalia.app/fr/blog/controler-reves-resolution-problemes,blog.dream-control-problem-solving,fr,docs-src/content/blog/blog.dream-control-problem-solving/fr.md,Contrôler ses rêves pour résoudre des problèmes | Noctalia,"L'étude Northwestern 2026 montre que la TMR peut orienter les rêves vers des problèmes spécifiques, doublant le taux de résolution.",0,3,0,19.333333333333332
https://noctalia.app/fr/blog/guide-incubation-reves,blog.dream-incubation-guide,fr,docs-src/content/blog/blog.dream-incubation-guide/fr.md,"Incubation de rêves : méthode, limites et routine | Noctalia","Découvrez l’incubation de rêves : choisir un thème avant de dormir, noter ce qui apparaît au réveil et évaluer la méthode sans promesse de résultat.",0,24,0,26.875
https://noctalia.app/fr/blog/guide-journal-reves,blog.dream-journal-guide,fr,docs-src/content/blog/blog.dream-journal-guide/fr.md,Journal de rêves : commencer et tenir la routine | Noctalia,"Comment tenir un journal de rêves : format, modèle d’entrée, routine 7 jours, exemple rempli et pistes d’interprétation avec Noctalia.",0,190,0,40.23684210526316
https://noctalia.app/fr/blog/guide-reve-lucide-debutant,blog.lucid-dreaming-beginners-guide,fr,docs-src/content/blog/blog.lucid-dreaming-beginners-guide/fr.md,Rêve lucide : tests de réalité pour débuter | Noctalia,"Comment faire un rêve lucide : journal, tests de réalité, méthode MILD et précautions WBTB pour débuter sans réduire le sommeil nécessaire.",0,112,0,52.11607142857143
https://noctalia.app/fr/blog/rever-examen-signification,blog.exam-dreams-meaning,fr,docs-src/content/blog/blog.exam-dreams-meaning/fr.md,"Rêver d’examen : échec, réussite, révisions | Noctalia","Découvrez ce que signifie rêver d’examen, de révisions oubliées, de réussite, d’échec ou de stress avant les examens de fin d’année.",0,4,0,8
https://noctalia.app/fr/blog/reves-dents-qui-tombent,blog.teeth-falling-out-dreams,fr,docs-src/content/blog/blog.teeth-falling-out-dreams/fr.md,Dents qui tombent en rêve : 7 significations cachées | Noctalia,Pourquoi rêvez-vous de perdre vos dents ? Découvrez les 7 interprétations les plus courantes et les messages de votre subconscient.,0,544,0,55.90992647058823
https://noctalia.app/fr/blog/reves-eau,blog.water-dreams-meaning,fr,docs-src/content/blog/blog.water-dreams-meaning/fr.md,Rêver d’inondation et d’eau : signification selon le rêve | Noctalia,"Que signifie rêver d’inondation, d’eau claire, d’eau trouble, de maison inondée ou d’eau de mer, et comment l’interpréter selon vos émotions.",0,246,0,18.134146341463413
https://noctalia.app/fr/blog/signification-reves-recurrents,blog.recurring-dreams-meaning,fr,docs-src/content/blog/blog.recurring-dreams-meaning/fr.md,Rêves récurrents : pourquoi et comment les arrêter | Noctalia,Pourquoi rêvez-vous toujours la même chose ? Découvrez les causes des rêves récurrents et comment enfin vous en libérer.,0,33,0,33.96969696969697
https://noctalia.app/fr/mentions-legales,legal.notice,fr,docs-src/content/pages/legal.notice/fr.md,Mentions légales | Noctalia,"Mentions légales du site Noctalia : informations sur l'éditeur, l'hébergeur, la propriété intellectuelle et les coordonnées de contact.",0,6,0,45.166666666666664
https://noctalia.app/fr/symboles/bouche,symbol.mouth,fr,data/dream-symbols.json,,,0,4,0,13
https://noctalia.app/fr/symboles/chien,symbol.dog,fr,data/dream-symbols.json,,,0,35,0,21.771428571428572
https://noctalia.app/fr/symboles/eau,symbol.water,fr,data/dream-symbols.json,,,0,6,0,28
https://noctalia.app/fr/symboles/feu,symbol.fire,fr,data/dream-symbols.json,,,0,8,0,45
https://noctalia.app/fr/symboles/foret,symbol.forest,fr,data/dream-symbols.json,,,0,3,0,59.666666666666664
https://noctalia.app/fr/symboles/maison,symbol.house,fr,data/dream-symbols.json,,,0,1,0,80
https://noctalia.app/fr/symboles/mer,symbol.ocean,fr,data/dream-symbols.json,,,0,4,0,53
https://noctalia.app/fr/symboles/porte,symbol.door,fr,data/dream-symbols.json,,,0,11,0,20.545454545454547
https://noctalia.app/fr/symboles/poursuite,symbol.chase,fr,data/dream-symbols.json,,,0,4,0,35.25
https://noctalia.app/fr/symboles/voler,symbol.flying,fr,data/dream-symbols.json,,,0,2,0,46.5
https://noctalia.app/it/,page.home,it,docs-src/content/pages/page.home/it.md,Noctalia: diario dei sogni con interpretazione IA,"Noctalia è un diario dei sogni privato per registrare sogni, esplorare simboli, generare immagini e capire le tue notti.",0,2,0,5.5
https://noctalia.app/it/blog/,blog.index,it,docs-src/content/blog/blog.index/it.md,Risorse | Noctalia - Consigli e guide per i sogni,"Risorse Noctalia sui sogni: tecniche di richiamo, significati dei simboli, sogni lucidi, scienza del sonno e consigli per ricordare i sogni.",0,45,0,38.44444444444444
https://noctalia.app/it/blog/come-ricordare-i-tuoi-sogni-10-tecniche-efficaci,blog.how-to-remember-dreams,it,docs-src/content/blog/blog.how-to-remember-dreams/it.md,Come ricordare i tuoi sogni: 10 tecniche pratiche | Noctalia,"Dieci abitudini per ricordare i sogni: risveglio graduale, frammenti annotati, intenzione serale e attenzione alla qualità del sonno.",0,29,0,25.586206896551722
https://noctalia.app/it/blog/dream-journaling-la-guida-completa-per-registrare-le-tue-avventure-notturne,blog.dream-journal-guide,it,docs-src/content/blog/blog.dream-journal-guide/it.md,Diario dei sogni: metodo semplice per iniziare stasera | Noctalia,"Come tenere un diario dei sogni, cosa scrivere al risveglio e come migliorare il ricordo senza trasformare la mattina in un compito pesante.",0,50,0,42.22
https://noctalia.app/it/blog/guida-ai-sogni-lucidi-per-principianti-prendi-il-controllo-delle-tue-notti,blog.lucid-dreaming-beginners-guide,it,docs-src/content/blog/blog.lucid-dreaming-beginners-guide/it.md,Sogni lucidi: stasera il controllo dei sogni da maestro | Noctalia,"Controlla i tuoi sogni con le tecniche MILD, WILD e WBTB. Impara controlli di realtà, stabilizzazione e suggerimenti per la lucidità in settimane.",0,121,0,31.47107438016529
https://noctalia.app/it/blog/i-sogni-possono-predire-il-futuro-la-sorprendente-scienza-dei-sogni-precognitivi,blog.precognitive-dreams-science,it,docs-src/content/blog/blog.precognitive-dreams-science/it.md,Sogni precognitivi: possono predire il futuro? | Noctalia,"I sogni predicono il futuro? Esplora famosi casi precognitivi, le neuroscienze dietro il deja vu e cosa rivela la ricerca su questo misterioso fenomeno.",0,59,0,35.932203389830505
https://noctalia.app/it/blog/incubi-caldo-stress,blog.heat-stress-nightmares,it,docs-src/content/blog/blog.heat-stress-nightmares/it.md,"Caldo, stress e incubi: cosa fare per dormire | Noctalia","Caldo e stress possono frammentare il sonno e rendere gli incubi più intensi. Scopri cosa fare la sera, al risveglio e quando chiedere un parere medico.",0,1,0,2
https://noctalia.app/it/blog/ondata-calore-sonno-sogni,blog.heatwave-sleep-dreams,it,docs-src/content/blog/blog.heatwave-sleep-dreams/it.md,Ondata di calore e sonno: sogni vividi | Noctalia,"Ondata di calore e sonno: perché le notti calde causano risvegli, cambiano il ricordo e rendono alcuni frammenti più vividi.",0,70,0,22.214285714285715
https://noctalia.app/it/blog/significato-dei-sogni-ricorrenti-comprendere-i-loro-messaggi-nascosti,blog.recurring-dreams-meaning,it,docs-src/content/blog/blog.recurring-dreams-meaning/it.md,Sogni ricorrenti: 10 più comuni e significati | Noctalia,Intrappolato nello stesso sogno? Decodifica i 10 sogni ricorrenti più comuni e comprendi il messaggio che il tuo subconscio cerca di trasmettere.,0,61,0,30.114754098360656
https://noctalia.app/it/blog/sogni-non-casuali-studio-ia,blog.dreams-not-random-ai-study,it,docs-src/content/blog/blog.dreams-not-random-ai-study/it.md,I sogni non sono casuali: studio IA 2026 | Noctalia,Uno studio su Communications Psychology ha usato l'IA per analizzare migliaia di sogni e mostra come trasformano esperienze e tratti personali.,0,4,0,73
https://noctalia.app/it/blog/sogni-stressanti-sul-lavoro-perche-il-tuo-lavoro-ti-segue-nel-sonno,blog.stress-dreams-work,it,docs-src/content/blog/blog.stress-dreams-work/it.md,Sogni stressanti sul lavoro: cause e rimedi | Noctalia,"Scopri perché il tuo lavoro ti segue nel sonno, la scienza dietro i sogni di stress lavorativo e strategie comprovate per ritrovare notti serene.",0,4,0,64.25
https://noctalia.app/it/guides/simboli-sogni-acqua,guide.water-dream-symbols,it,docs/data/curation-pages.json,,,0,14,0,22.428571428571427
https://noctalia.app/it/simboli/acqua,symbol.water,it,data/dream-symbols.json,,,0,24,0,21.375
https://noctalia.app/it/simboli/cadere,symbol.falling,it,data/dream-symbols.json,,,0,3,0,75.66666666666667
https://noctalia.app/it/simboli/cane,symbol.dog,it,data/dream-symbols.json,,,0,200,0,12.31
https://noctalia.app/it/simboli/porta,symbol.door,it,data/dream-symbols.json,,,0,48,0,14.104166666666666
https://noctalia.app/it/termini,legal.terms,it,docs-src/content/pages/legal.terms/it.md,Termini | Noctalia,"Termini di utilizzo dell'app Noctalia: condizioni di accesso, abbonamenti, uso consentito, privacy, proprietà intellettuale e contatti.",0,1,0,60
