PR,PR previous,URL,URL previous,Title,Title previous,Content type,Content type previous,Is rendered page,Is rendered page previous,HTTP status code,HTTP status code previous,Organic traffic,Organic traffic previous,Is indexable page,Is indexable page previous,Title patch,Title patch status,Meta description,Meta description previous,Meta description patch,Meta description patch status,H1,H1 previous,H2,H2 previous,No. of content words,No. of content words previous,No. of internal outlinks,No. of internal outlinks previous,No. of external outlinks,No. of external outlinks previous,Page text,Page text previous,Extracted text (raw <body>) (length),Extracted text (raw <body>) (length) previous,Text hash,Text hash previous,First found at,First found at previous
50,50,https://noctalia.app/it/blog/,https://noctalia.app/it/blog/,Risorse | Noctalia - Consigli e guide per i sogni,Risorse | Noctalia - Consigli e guide per i sogni,text/html; charset=utf-8,text/html; charset=utf-8,false,false,200,200,0,0,true,true,,,"Risorse Noctalia sui sogni: tecniche di richiamo, significati dei simboli, sogni lucidi, scienza del sonno e consigli per ricordare i sogni.","Risorse Noctalia sui sogni: tecniche di richiamo, significati dei simboli, sogni lucidi, scienza del sonno e consigli per ricordare i sogni.",,,Comprendi i tuoi sogni,Comprendi i tuoi sogni,"Da leggere ora
Ultimi articoli
I sogni non sono casuali: cosa rivela uno studio IA del 2026
Sogni vividi e sonno riparatore: cosa mostra lo studio PLOS Biology
Sognare un esame: passare, fallire o non aver studiato
Perché dimentichiamo i nostri sogni?
Significato dei sogni ricorrenti: comprendere i loro messaggi
Sogni lucidi per principianti: prendi il controllo delle tue notti
Sogni di denti che cadono: significato e interpretazione
Sogni di cadere: perché sogni di cadere nel vuoto
Sogni di volare: cosa significa volare nei tuoi sogni
Dizionario dei simboli onirici: interpretazione dalla A alla Z
Sogni sui serpenti: di cosa ti avverte il tuo subconscio
Incubazione dei sogni: come sognare esattamente ciò che desideri stasera
I sogni possono predire il futuro? La scienza dei sogni precognitivi
Sogni di essere inseguiti: significato e interpretazione
Sogni sulla morte: significato e interpretazione
Sogni d'acqua: significato dei sogni di annegamento, oceano e inondazione
Sogni sul tuo ex: cosa significano veramente
Sogni di gravidanza: cosa significano (anche se non sei incinta)
Incubi: cause, significato e come fermarli
Paralisi del sonno: perché non puoi muoverti e come fermarla
Diario dei sogni: la guida completa per registrare le tue avventure notturne
Sogni e salute mentale: come il tuo sonno rivela la tua mente
Perché sogniamo? La scienza dietro le tue avventure notturne
Sonno REM e sogni: comprendere il ripristino notturno del cervello
La storia dell'interpretazione dei sogni: dagli antichi templi alla scienza moderna
Sogni stressanti sul lavoro: perché il tuo lavoro ti segue nel sonno
Sogni e creatività: come il cervello addormentato risolve i problemi
Sogni d'ansia: perché li fai e come fermarli
Sogni dei bambini: di cosa sognano e come aiutarli
Giornata del Sonno 2026: ambiente e sogni
L'IA che analizza il tuo sonno: SleepFM di Stanford
Controllare i sogni per risolvere problemi
Ora legale e sonno
Debito di sonno: il costo nascosto della privazione cronica
Sonno in primavera: l'effetto delle giornate più lunghe
Il sonno come leva di salute n. 1
Tracker del sonno wearable e sogni
Analizza i tuoi sogni con Noctalia
Resta informato","Da leggere ora
Ultimi articoli
Sognare un esame: passare, fallire o non aver studiato
Perché dimentichiamo i nostri sogni?
Significato dei sogni ricorrenti: comprendere i loro messaggi
Sogni lucidi per principianti: prendi il controllo delle tue notti
Sogni di denti che cadono: significato e interpretazione
Sogni di cadere: perché sogni di cadere nel vuoto
Sogni di volare: cosa significa volare nei tuoi sogni
Dizionario dei simboli onirici: interpretazione dalla A alla Z
Sogni sui serpenti: di cosa ti avverte il tuo subconscio
Incubazione dei sogni: come sognare esattamente ciò che desideri stasera
I sogni possono predire il futuro? La scienza dei sogni precognitivi
Sogni di essere inseguiti: significato e interpretazione
Sogni sulla morte: significato e interpretazione
Sogni d'acqua: significato dei sogni di annegamento, oceano e inondazione
Sogni sul tuo ex: cosa significano veramente
Sogni di gravidanza: cosa significano (anche se non sei incinta)
Incubi: cause, significato e come fermarli
Paralisi del sonno: perché non puoi muoverti e come fermarla
Diario dei sogni: la guida completa per registrare le tue avventure notturne
Sogni e salute mentale: come il tuo sonno rivela la tua mente
Perché sogniamo? La scienza dietro le tue avventure notturne
Sonno REM e sogni: comprendere il ripristino notturno del cervello
La storia dell'interpretazione dei sogni: dagli antichi templi alla scienza moderna
Sogni stressanti sul lavoro: perché il tuo lavoro ti segue nel sonno
Sogni e creatività: come il cervello addormentato risolve i problemi
Sogni d'ansia: perché li fai e come fermarli
Sogni dei bambini: di cosa sognano e come aiutarli
Giornata del Sonno 2026: ambiente e sogni
L'IA che analizza il tuo sonno: SleepFM di Stanford
Controllare i sogni per risolvere problemi
Ora legale e sonno
Debito di sonno: il costo nascosto della privazione cronica
Sonno in primavera: l'effetto delle giornate più lunghe
Il sonno come leva di salute n. 1
Tracker del sonno wearable e sogni
Analizza i tuoi sogni con Noctalia
Resta informato",1642,1579,60,58,4,4,<truncated>,<truncated>,10420,10038,2017978206565009938,3748473961682528169,,
50,50,https://noctalia.app/es/blog/,https://noctalia.app/es/blog/,Recursos | Noctalia - Consejos y Guías sobre Sueños,Recursos | Noctalia - Consejos y Guías sobre Sueños,text/html; charset=utf-8,text/html; charset=utf-8,false,false,200,200,0,0,true,true,,,"Explora los recursos de Noctalia sobre sueños: técnicas para recordarlos, significados de símbolos, sueños lúcidos, ciencia del sueño y más.","Explora los recursos de Noctalia sobre sueños: técnicas para recordarlos, significados de símbolos, sueños lúcidos, ciencia del sueño y más.",,,Comprende tus sueños,Comprende tus sueños,"Leer ahora
Últimos artículos
Tus sueños no son aleatorios: lo que revela un estudio con IA de 2026
Sueños vívidos y sueño reparador: lo que revela el estudio de PLOS Biology
Soñar con un examen: aprobar, reprobar o no haber estudiado
¿Por qué olvidamos los sueños al despertar?
Significado de Sueños Recurrentes: Entender sus Mensajes
Sueños Lúcidos para Principiantes: Toma el Control de tus Noches
Soñar que se caen los dientes: significado e interpretación
Sueños de caer: por que suenas que caes al vacio
Sueños de volar: que significa volar en sueños
Diccionario de Símbolos de Sueños: Interpretación de la A a la Z
¿Soñar con serpientes: lo que tu subconsciente te esta advirtiendo
Incubación de sueños: como soñar exactamente lo que quieres esta noche
¿Pueden los sueños predecir el futuro? La ciencia de los sueños premonitorios
Sueños de Ser Perseguido: Significado e Interpretación
Sueños de Muerte: Significado e Interpretación
Sueños de Agua: Significado de Sueños de Ahogarse, Oceano e Inundación
Sueños con Tu Ex: Lo ¿Qué Realmente Significan
Sueños de Embarazo: Lo ¿Qué Significan (Aunque No Estes Embarazada)
Pesadillas: Causas, Significado y Cómo Detenerlas
Paralisis del sueño: por que no puedes moverte y como detenerla
Diario de sueños: la guia completa para registrar tus aventuras nocturnas
Sueños y Salud Mental: Cómo Tu Sueño Revela Tu Mente
¿Por qué soñamos? La ciencia detrás de tus aventuras nocturnas
Sueño REM y Sueños: Entendiendo el Reinicio Nocturno de tu Cerebro
La Historia de la Interpretación de Sueños: De los Templos Antiguos a la Ciencia Moderna
Sueños de estrés laboral: por qué tu trabajo te sigue al dormir
Sueños y creatividad: cómo tu cerebro dormido resuelve problemas
Sueños de ansiedad: por qué los tienes y cómo detenerlos
Sueños de los niños: de qué sueñan y cómo ayudarlos
Día del Sueño 2026: entorno y sueños
La IA que analiza tu sueño: SleepFM de Stanford
Controlar tus sueños para resolver problemas
Cambio de hora y sueño
Deuda de sueño: el coste oculto de la privación crónica
Sueño en primavera: el efecto de los días más largos
El sueño, palanca de salud nº 1
Rastreadores de sueño wearables y sueños
Analiza tus Sueños con Noctalia
Mantente Informado","Leer ahora
Últimos artículos
Soñar con un examen: aprobar, reprobar o no haber estudiado
¿Por qué olvidamos los sueños al despertar?
Significado de Sueños Recurrentes: Entender sus Mensajes
Sueños Lúcidos para Principiantes: Toma el Control de tus Noches
Soñar que se caen los dientes: significado e interpretación
Sueños de caer: por que suenas que caes al vacio
Sueños de volar: que significa volar en sueños
Diccionario de Símbolos de Sueños: Interpretación de la A a la Z
¿Soñar con serpientes: lo que tu subconsciente te esta advirtiendo
Incubación de sueños: como soñar exactamente lo que quieres esta noche
¿Pueden los sueños predecir el futuro? La ciencia de los sueños premonitorios
Sueños de Ser Perseguido: Significado e Interpretación
Sueños de Muerte: Significado e Interpretación
Sueños de Agua: Significado de Sueños de Ahogarse, Oceano e Inundación
Sueños con Tu Ex: Lo ¿Qué Realmente Significan
Sueños de Embarazo: Lo ¿Qué Significan (Aunque No Estes Embarazada)
Pesadillas: Causas, Significado y Cómo Detenerlas
Paralisis del sueño: por que no puedes moverte y como detenerla
Diario de sueños: la guia completa para registrar tus aventuras nocturnas
Sueños y Salud Mental: Cómo Tu Sueño Revela Tu Mente
¿Por qué soñamos? La ciencia detrás de tus aventuras nocturnas
Sueño REM y Sueños: Entendiendo el Reinicio Nocturno de tu Cerebro
La Historia de la Interpretación de Sueños: De los Templos Antiguos a la Ciencia Moderna
Sueños de estrés laboral: por qué tu trabajo te sigue al dormir
Sueños y creatividad: cómo tu cerebro dormido resuelve problemas
Sueños de ansiedad: por qué los tienes y cómo detenerlos
Sueños de los niños: de qué sueñan y cómo ayudarlos
Día del Sueño 2026: entorno y sueños
La IA que analiza tu sueño: SleepFM de Stanford
Controlar tus sueños para resolver problemas
Cambio de hora y sueño
Deuda de sueño: el coste oculto de la privación crónica
Sueño en primavera: el efecto de los días más largos
El sueño, palanca de salud nº 1
Rastreadores de sueño wearables y sueños
Analiza tus Sueños con Noctalia
Mantente Informado",1704,1633,60,58,4,4,<truncated>,<truncated>,10905,10467,18416377038585941187,1893648280876610582,,
50,46,https://noctalia.app/fr/blog/,https://noctalia.app/fr/blog/,Ressources | Noctalia - Conseils et guides sur les rêves,Ressources | Noctalia - Conseils et guides sur les rêves,text/html; charset=utf-8,text/html; charset=utf-8,false,false,200,200,0,0,true,true,,,"Explorez les ressources Noctalia sur les rêves : techniques pour retenir vos rêves, signification des symboles, rêve lucide, science du sommeil et plus.","Explorez les ressources Noctalia sur les rêves : techniques pour retenir vos rêves, signification des symboles, rêve lucide, science du sommeil et plus.",,,Comprendre vos rêves,Comprendre vos rêves,"À lire maintenant
Derniers articles
Vos rêves ne sont pas aléatoires : l'étude IA 2026 qui les décrypte
Rêves vivaces et sommeil réparateur : ce que révèle l'étude PLOS Biology
Rêver d’examen : réussir, échouer ou ne pas avoir révisé
Pourquoi oublie-t-on ses rêves au réveil ?
Signification des rêves récurrents : comprendre leurs messages
Guide du rêve lucide pour débutants : prenez le contrôle de vos nuits
Rêver de perdre ses dents : signification et interprétation
Rêves de chute : pourquoi rêvez-vous de tomber ?
Rêves de voler : ce que ça signifie
Dictionnaire des symboles de rêves : interprétation de A a Z
Rêver de serpents : ce que votre inconscient essaie de vous dire
Incubation des rêves : comment rêver exactement de ce que vous voulez
Les rêves peuvent-ils prédire l'avenir ? La science des rêves prémonitoires
Rêves d'Être Poursuivi : Signification et Interprétation
Rêves de Mort : Signification et Interprétation
Rêves d'Eau : Signification des Rêves de Noyade, Océan et Inondation
Rêves de Votre Ex : Ce Qu'ils Signifient Vraiment
Rêves de Grossesse : Ce Qu'ils Signifient (Meme Si Vous N'Êtes Pas Enceinte)
Cauchemars : Causes, Signification et Comment les Arrêter
Paralysie du sommeil : pourquoi vous ne pouvez plus bouger et comment en sortir
Journal de rêves : le guide complet pour enregistrer vos aventures nocturnes
Rêves et Santé Mentale : Comment Votre Sommeil Révèle Votre Esprit
Pourquoi rêvons-nous ? La science derrière vos aventures nocturnes
Sommeil Paradoxal et Rêves : Comprendre la Réinitialisation Nocturne de Votre Cerveau
L'Histoire de l'Interprétation des Rêves : Des Temples Antiques à la Science Moderne
Rêves de stress au travail : pourquoi votre emploi vous suit dans le sommeil
Rêves et créativité : comment votre cerveau endormi résout des problèmes
Rêves d'anxiété : pourquoi vous en avez et comment les arrêter
Les rêves des enfants : de quoi rêvent les enfants et comment les aider
Journée du sommeil 2026 : environnement et rêves
L'IA qui analyse votre sommeil : SleepFM de Stanford
Contrôler ses rêves pour résoudre des problèmes
Changement d'heure et sommeil
Dette de sommeil : le coût caché du manque de sommeil
Sommeil au printemps : l'effet des jours plus longs
Le sommeil, levier santé n°1
Traqueurs de sommeil connectés et rêves
Analysez vos rêves avec Noctalia
Explorer par intention
Dictionnaire des symboles
Transformez vos rêves en journal vivant","À lire maintenant
Derniers articles
Rêver d’examen : réussir, échouer ou ne pas avoir révisé
Pourquoi oublie-t-on ses rêves au réveil ?
Signification des rêves récurrents : comprendre leurs messages
Guide du rêve lucide pour débutants : prenez le contrôle de vos nuits
Rêver de perdre ses dents : signification et interprétation
Rêves de chute : pourquoi rêvez-vous de tomber ?
Rêves de voler : ce que ça signifie
Dictionnaire des symboles de rêves : interprétation de A a Z
Rêver de serpents : ce que votre inconscient essaie de vous dire
Incubation des rêves : comment rêver exactement de ce que vous voulez
Les rêves peuvent-ils prédire l'avenir ? La science des rêves prémonitoires
Rêves d'Être Poursuivi : Signification et Interprétation
Rêves de Mort : Signification et Interprétation
Rêves d'Eau : Signification des Rêves de Noyade, Océan et Inondation
Rêves de Votre Ex : Ce Qu'ils Signifient Vraiment
Rêves de Grossesse : Ce Qu'ils Signifient (Meme Si Vous N'Êtes Pas Enceinte)
Cauchemars : Causes, Signification et Comment les Arrêter
Paralysie du sommeil : pourquoi vous ne pouvez plus bouger et comment en sortir
Journal de rêves : le guide complet pour enregistrer vos aventures nocturnes
Rêves et Santé Mentale : Comment Votre Sommeil Révèle Votre Esprit
Pourquoi rêvons-nous ? La science derrière vos aventures nocturnes
Sommeil Paradoxal et Rêves : Comprendre la Réinitialisation Nocturne de Votre Cerveau
L'Histoire de l'Interprétation des Rêves : Des Temples Antiques à la Science Moderne
Rêves de stress au travail : pourquoi votre emploi vous suit dans le sommeil
Rêves et créativité : comment votre cerveau endormi résout des problèmes
Rêves d'anxiété : pourquoi vous en avez et comment les arrêter
Les rêves des enfants : de quoi rêvent les enfants et comment les aider
Journée du sommeil 2026 : environnement et rêves
L'IA qui analyse votre sommeil : SleepFM de Stanford
Contrôler ses rêves pour résoudre des problèmes
Changement d'heure et sommeil
Dette de sommeil : le coût caché du manque de sommeil
Sommeil au printemps : l'effet des jours plus longs
Le sommeil, levier santé n°1
Traqueurs de sommeil connectés et rêves
Analysez vos rêves avec Noctalia
Explorer par intention
Dictionnaire des symboles
Transformez vos rêves en journal vivant",1833,1763,75,73,4,4,<truncated>,<truncated>,12251,11776,14167837403456834502,16670868436387063307,,
50,46,https://noctalia.app/de/blog/,https://noctalia.app/de/blog/,Ressourcen | Noctalia – Traumtipps und Anleitungen,Ressourcen | Noctalia – Traumtipps und Anleitungen,text/html; charset=utf-8,text/html; charset=utf-8,false,false,200,200,0,0,true,true,,,"Entdecken Sie Noctalia-Ressourcen zum Thema Träume: Erinnerungstechniken, Symbolbedeutungen, klares Träumen, Schlafwissenschaft und mehr.","Entdecken Sie Noctalia-Ressourcen zum Thema Träume: Erinnerungstechniken, Symbolbedeutungen, klares Träumen, Schlafwissenschaft und mehr.",,,Verstehen Sie Ihre Träume,Verstehen Sie Ihre Träume,"Jetzt lesen
Neueste Artikel
Träume sind nicht zufällig: Was eine KI-Studie von 2026 zeigt
Lebendige Träume und erholsamer Schlaf: Was die PLOS-Biology-Studie zeigt
Prüfungstraum: nicht gelernt, bestanden oder durchgefallen
Warum vergessen wir unsere Träume?
Wiederkehrende Träume: Ihre verborgenen Botschaften verstehen
Klares Träumen für Anfänger: Übernehmen Sie die Kontrolle über Ihre Nächte
Träume von ausfallenden Zähnen: Bedeutung und Deutung
Fallende Träume: Warum Sie vom Fallen träumen
Fliegende Träume: Was es bedeutet, in Träumen zu fliegen
Traumsymbole-Lexikon: Deutung von A bis Z
Schlangenträume: Wovor Ihr Unterbewusstsein Sie warnt
Trauminkubation: Wie Sie heute Abend genau das träumen, was Sie wollen
Können Träume die Zukunft vorhersagen? Die Wissenschaft präkognitiver Träume
Verfolgungsträume: Bedeutung und Deutung
Todesträume: Bedeutung und Deutung
Wasserträume: Bedeutung von Ertrinkungs-, Ozean- und Überschwemmungsträumen
Träume über Ihren Ex: Was sie wirklich bedeuten
Schwangerschaftsträume: Was sie bedeuten (auch wenn Sie nicht schwanger sind)
Albträume: Ursachen, Bedeutung und wie man sie stoppt
Schlaflähmung erklärt: Warum Sie sich nicht bewegen können und wie Sie sie stoppen
Traumtagebuch: Der vollständige Leitfaden zum Aufzeichnen Ihrer nächtlichen Abenteuer
Träume und psychische Gesundheit: Wie Ihr Schlaf Ihren Geist offenbart
Warum träumen wir? Die Wissenschaft hinter Ihren nächtlichen Abenteuern
REM-Schlaf und Träume: Den nächtlichen Reset Ihres Gehirns verstehen
Die Geschichte der Traumdeutung: Von antiken Tempeln bis zur modernen Wissenschaft
Stressträume über die Arbeit: Warum Ihr Job Sie in den Schlaf verfolgt
Träume und Kreativität: Wie Ihr schlafendes Gehirn Probleme löst
Angstträume: Warum Sie sie haben und wie Sie sie stoppen
Kinderträume: Wovon Kinder träumen und wie man ihnen hilft
Schlaftag 2026: Umgebung und Träume
Die KI, die Ihren Schlaf liest: Stanfords SleepFM
Träume steuern zur Problemlösung
Zeitumstellung und Schlaf
Schlafschuld: Die versteckten Kosten chronischen Schlafmangels
Frühling und Schlaf: Der Effekt längerer Tage
Schlaf als Gesundheitsfaktor Nr. 1
Schlaf-Tracker und Träume
Analysieren Sie Ihre Träume mit Noctalia
Bleiben Sie informiert","Jetzt lesen
Neueste Artikel
Prüfungstraum: nicht gelernt, bestanden oder durchgefallen
Warum vergessen wir unsere Träume?
Wiederkehrende Träume: Ihre verborgenen Botschaften verstehen
Klares Träumen für Anfänger: Übernehmen Sie die Kontrolle über Ihre Nächte
Träume von ausfallenden Zähnen: Bedeutung und Deutung
Fallende Träume: Warum Sie vom Fallen träumen
Fliegende Träume: Was es bedeutet, in Träumen zu fliegen
Traumsymbole-Lexikon: Deutung von A bis Z
Schlangenträume: Wovor Ihr Unterbewusstsein Sie warnt
Trauminkubation: Wie Sie heute Abend genau das träumen, was Sie wollen
Können Träume die Zukunft vorhersagen? Die Wissenschaft präkognitiver Träume
Verfolgungsträume: Bedeutung und Deutung
Todesträume: Bedeutung und Deutung
Wasserträume: Bedeutung von Ertrinkungs-, Ozean- und Überschwemmungsträumen
Träume über Ihren Ex: Was sie wirklich bedeuten
Schwangerschaftsträume: Was sie bedeuten (auch wenn Sie nicht schwanger sind)
Albträume: Ursachen, Bedeutung und wie man sie stoppt
Schlaflähmung erklärt: Warum Sie sich nicht bewegen können und wie Sie sie stoppen
Traumtagebuch: Der vollständige Leitfaden zum Aufzeichnen Ihrer nächtlichen Abenteuer
Träume und psychische Gesundheit: Wie Ihr Schlaf Ihren Geist offenbart
Warum träumen wir? Die Wissenschaft hinter Ihren nächtlichen Abenteuern
REM-Schlaf und Träume: Den nächtlichen Reset Ihres Gehirns verstehen
Die Geschichte der Traumdeutung: Von antiken Tempeln bis zur modernen Wissenschaft
Stressträume über die Arbeit: Warum Ihr Job Sie in den Schlaf verfolgt
Träume und Kreativität: Wie Ihr schlafendes Gehirn Probleme löst
Angstträume: Warum Sie sie haben und wie Sie sie stoppen
Kinderträume: Wovon Kinder träumen und wie man ihnen hilft
Schlaftag 2026: Umgebung und Träume
Die KI, die Ihren Schlaf liest: Stanfords SleepFM
Träume steuern zur Problemlösung
Zeitumstellung und Schlaf
Schlafschuld: Die versteckten Kosten chronischen Schlafmangels
Frühling und Schlaf: Der Effekt längerer Tage
Schlaf als Gesundheitsfaktor Nr. 1
Schlaf-Tracker und Träume
Analysieren Sie Ihre Träume mit Noctalia
Bleiben Sie informiert",1462,1408,60,58,4,4,<truncated>,<truncated>,11052,10665,17158506413950375214,17175886363019237390,,
46,46,https://noctalia.app/en/blog/,https://noctalia.app/en/blog/,Resources | Noctalia - Dream Tips and Guides,Resources | Noctalia - Dream Tips and Guides,text/html; charset=utf-8,text/html; charset=utf-8,false,false,200,200,0,0,true,true,,,"Explore Noctalia resources about dreams: recall techniques, symbol meanings, lucid dreaming, sleep science, and more.","Explore Noctalia resources about dreams: recall techniques, symbol meanings, lucid dreaming, sleep science, and more.",,,Understand your dreams,Understand your dreams,"Read now
Latest articles
Your dreams are not random: what a 2026 AI study reveals
Vivid dreams and restful sleep: what the new PLOS Biology study shows
Exam dreams: meaning when you fail, pass or feel unprepared
Why Do We Forget Our Dreams?
Recurring Dreams Meaning: Understanding Their Messages
Lucid Dreaming for Beginners: Take Control of Your Nights
Teeth Falling Out Dreams: Meaning and Interpretation
Falling Dreams Meaning: Why You Dream of Falling
Flying Dreams Meaning: What It Means to Fly
Dream Symbols Dictionary: Interpretation from A to Z
Dreams About Snakes: What Your Subconscious is Warning You About
Dream Incubation: How to Dream About Exactly What You Want Tonight
Can Dreams Predict the Future? The Science of Precognitive Dreams
Being Chased Dreams: Meaning and Interpretation
Dreams About Death: Meaning and Interpretation
Water Dreams: Meaning of Drowning, Ocean, and Flood Dreams
Dreams About Your Ex: What They Really Mean
Pregnancy Dreams: What They Mean (Even If You're Not Pregnant)
Nightmares: Causes, Meaning, and How to Stop Them
Sleep Paralysis Explained: Why You Can't Move and How to Stop It
Dream Journaling: The Complete Guide to Recording Your Night Adventures
Dreams and Mental Health: How Your Sleep Reveals Your Mind
Why Do We Dream? The Science Behind Your Nightly Adventures
REM Sleep and Dreams: Understanding Your Brain's Nightly Reset
The History of Dream Interpretation: From Ancient Temples to Modern Science
Stress Dreams About Work: Why Your Job Follows You to Sleep
Dreams and Creativity: How Your Sleeping Brain Solves Problems
Anxiety Dreams: Why You Have Them and How to Stop Them
Children's Dreams: What Kids Dream About and How to Help
Sleep Day 2026: Environment and Dreams
The AI That Reads Your Sleep: Stanford's SleepFM
Controlling Your Dreams to Solve Problems
Daylight Saving Time and Sleep
Sleep Debt: The Hidden Cost of Chronic Sleep Deprivation
Spring Sleep Disruption: Longer Days and Your Dreams
Sleep Is Your #1 Health Lever
Wearable Sleep Trackers and Dreams
Analyze Your Dreams with Noctalia
Stay Informed","Read now
Latest articles
Exam dreams: meaning when you fail, pass or feel unprepared
Why Do We Forget Our Dreams?
Recurring Dreams Meaning: Understanding Their Messages
Lucid Dreaming for Beginners: Take Control of Your Nights
Teeth Falling Out Dreams: Meaning and Interpretation
Falling Dreams Meaning: Why You Dream of Falling
Flying Dreams Meaning: What It Means to Fly
Dream Symbols Dictionary: Interpretation from A to Z
Dreams About Snakes: What Your Subconscious is Warning You About
Dream Incubation: How to Dream About Exactly What You Want Tonight
Can Dreams Predict the Future? The Science of Precognitive Dreams
Being Chased Dreams: Meaning and Interpretation
Dreams About Death: Meaning and Interpretation
Water Dreams: Meaning of Drowning, Ocean, and Flood Dreams
Dreams About Your Ex: What They Really Mean
Pregnancy Dreams: What They Mean (Even If You're Not Pregnant)
Nightmares: Causes, Meaning, and How to Stop Them
Sleep Paralysis Explained: Why You Can't Move and How to Stop It
Dream Journaling: The Complete Guide to Recording Your Night Adventures
Dreams and Mental Health: How Your Sleep Reveals Your Mind
Why Do We Dream? The Science Behind Your Nightly Adventures
REM Sleep and Dreams: Understanding Your Brain's Nightly Reset
The History of Dream Interpretation: From Ancient Temples to Modern Science
Stress Dreams About Work: Why Your Job Follows You to Sleep
Dreams and Creativity: How Your Sleeping Brain Solves Problems
Anxiety Dreams: Why You Have Them and How to Stop Them
Children's Dreams: What Kids Dream About and How to Help
Sleep Day 2026: Environment and Dreams
The AI That Reads Your Sleep: Stanford's SleepFM
Controlling Your Dreams to Solve Problems
Daylight Saving Time and Sleep
Sleep Debt: The Hidden Cost of Chronic Sleep Deprivation
Spring Sleep Disruption: Longer Days and Your Dreams
Sleep Is Your #1 Health Lever
Wearable Sleep Trackers and Dreams
Analyze Your Dreams with Noctalia
Stay Informed",1560,1495,60,58,4,4,<truncated>,<truncated>,9925,9535,16427824165616852069,1457988217264771595,,
20,,https://noctalia.app/it/blog/sogni-vividi-sonno-riparatore,,Sogni vividi e sonno riparatore: cosa mostra lo studio PLOS Biology | Noctalia,,text/html; charset=utf-8,,false,,200,,0,,true,,,,Uno studio PLOS Biology pubblicato a marzo 2026 suggerisce che i sogni immersivi possono far percepire il sonno come più profondo e riposante.,,,,Sogni vividi e sonno riparatore: cosa mostra lo studio PLOS Biology,,"Risposta rapida
Cosa hanno studiato i ricercatori
Perché i sogni immersivi contano
Limiti dello studio
Fonti / letture consigliate
I sogni non sono casuali",,493,,30,,6,,<truncated>,,3181,,1672869419162516078,,,
20,,https://noctalia.app/es/blog/suenos-vividos-sueno-reparador,,Sueños vívidos y sueño reparador: lo que revela el estudio de PLOS Biology | Noctalia,,text/html; charset=utf-8,,false,,200,,0,,true,,,,Un estudio de PLOS Biology publicado en marzo de 2026 sugiere que los sueños inmersivos pueden hacer que el sueño se perciba como más profundo.,,,,Sueños vívidos y sueño reparador: lo que revela el estudio de PLOS Biology,,"Respuesta rápida
Qué probaron los investigadores
Por qué importan los sueños inmersivos
Límites prácticos
Fuentes / lecturas complementarias
Tus sueños no son aleatorios",,533,,30,,6,,<truncated>,,3562,,17084694028085444410,,,
20,,https://noctalia.app/it/blog/sogni-non-casuali-studio-ia,,I sogni non sono casuali: cosa rivela uno studio IA del 2026 | Noctalia,,text/html; charset=utf-8,,false,,200,,0,,true,,,,Uno studio su Communications Psychology ha usato l'IA per analizzare migliaia di sogni e mostra come trasformano esperienze e tratti personali.,,,,I sogni non sono casuali: cosa rivela uno studio IA del 2026,,"Risposta rapida
Cosa ha analizzato lo studio
Cosa ha trovato l'IA
Perché la privacy conta
Fonti / letture consigliate
Sogni vividi e sonno riparatore",,475,,30,,6,,<truncated>,,3074,,16236591520329004002,,,
20,,https://noctalia.app/de/blog/traeume-nicht-zufaellig-ki-studie,,Träume sind nicht zufällig: Was eine KI-Studie von 2026 zeigt | Noctalia,,text/html; charset=utf-8,,false,,200,,0,,true,,,,"Eine Communications-Psychology-Studie nutzte KI, um tausende Traumberichte zu analysieren. Träume formen persönliche Merkmale und Erlebnisse um.",,,,Träume sind nicht zufällig: Was eine KI-Studie von 2026 zeigt,,"Kurzantwort
Was die Studie analysierte
Was die KI fand
Warum Datenschutz zählt
Quellen / weiterführende Lektüre
Lebendige Träume und erholsamer Schlaf",,408,,30,,6,,<truncated>,,3260,,2042898384760104351,,,
20,,https://noctalia.app/en/blog/dreams-not-random-ai-study,,Your Dreams Are Not Random: What a 2026 AI Study Reveals | Noctalia,,text/html; charset=utf-8,,false,,200,,0,,true,,,,"A 2026 Communications Psychology study used AI to analyze thousands of dreams and waking reports. Dreams appear to remix traits, habits and lived experience.",,,,Your dreams are not random: what a 2026 AI study reveals,,"Quick answer
Table of contents
What the study analyzed
The patterns AI detected
What this changes for dream journaling
Why privacy still matters
Frequently asked questions
Sources / further reading
Read next",,830,,31,,6,,<truncated>,,5364,,3706929419774179627,,,
20,,https://noctalia.app/fr/blog/reves-vivaces-sommeil-reparateur,,Rêves vivaces et sommeil réparateur : ce que révèle l'étude PLOS Biology | Noctalia,,text/html; charset=utf-8,,false,,200,,0,,true,,,,Une étude PLOS Biology publiée en mars 2026 suggère que les rêves immersifs peuvent rendre le sommeil plus profond et réparateur. Ce que cela change pour votre journal de rêves.,,,,Rêves vivaces et sommeil réparateur : ce que révèle l'étude PLOS Biology,,"Réponse rapide
Table des matières
Ce que les chercheurs ont testé
Pourquoi les rêves vivaces comptent
Ce qu'il faut noter dans un journal de rêves
Les limites à garder en tête
Questions fréquentes
Sources / Lectures complémentaires
À lire ensuite",,1110,,31,,6,,<truncated>,,7211,,16617698615778462860,,,
20,,https://noctalia.app/en/blog/vivid-dreams-restful-sleep,,Vivid Dreams and Restful Sleep: What the New PLOS Biology Study Shows | Noctalia,,text/html; charset=utf-8,,false,,200,,0,,true,,,,A March 2026 PLOS Biology study suggests immersive dreams may make sleep feel deeper and more restorative. Here is what it means for dream journaling.,,,,Vivid dreams and restful sleep: what the new PLOS Biology study shows,,"Quick answer
Table of contents
What the researchers tested
Why vivid dreams mattered
What to track in a dream journal
What this does not prove yet
Frequently asked questions
Sources / further reading
Read next",,953,,31,,6,,<truncated>,,5951,,14087803954113576092,,,
20,,https://noctalia.app/es/blog/suenos-no-son-aleatorios-estudio-ia,,Tus sueños no son aleatorios: lo que revela un estudio con IA de 2026 | Noctalia,,text/html; charset=utf-8,,false,,200,,0,,true,,,,Un estudio de Communications Psychology usó IA para analizar miles de sueños y muestra cómo transforman rasgos personales y experiencias vividas.,,,,Tus sueños no son aleatorios: lo que revela un estudio con IA de 2026,,"Respuesta rápida
Qué analizó el estudio
Qué detectó la IA
Privacidad y matices
Fuentes / lecturas complementarias
Sueños vívidos y sueño reparador",,496,,30,,6,,<truncated>,,3356,,156496567457462403,,,
20,,https://noctalia.app/fr/blog/reves-pas-aleatoires-etude-ia,,Vos rêves ne sont pas aléatoires : l'étude IA 2026 qui les décrypte | Noctalia,,text/html; charset=utf-8,,false,,200,,0,,true,,,,Une étude Communications Psychology publiée en avril 2026 utilise l'IA pour analyser des milliers de rêves et montre comment ils remixent traits personnels et vécu.,,,,Vos rêves ne sont pas aléatoires : l'étude IA 2026 qui les décrypte,,"Réponse rapide
Table des matières
Ce que l'étude a analysé
Les motifs détectés par l'IA
Ce que cela change pour le journal de rêves
Pourquoi la confidentialité compte
Questions fréquentes
Sources / Lectures complémentaires
À lire ensuite",,959,,31,,6,,<truncated>,,6355,,14623529072848148027,,,
20,,https://noctalia.app/de/blog/lebendige-traeume-erholsamer-schlaf,,Lebendige Träume und erholsamer Schlaf: Was die PLOS-Biology-Studie zeigt | Noctalia,,text/html; charset=utf-8,,false,,200,,0,,true,,,,"Eine PLOS-Biology-Studie aus März 2026 legt nahe, dass immersive Träume Schlaf subjektiv tiefer und erholsamer wirken lassen können.",,,,Lebendige Träume und erholsamer Schlaf: Was die PLOS-Biology-Studie zeigt,,"Kurzantwort
Was untersucht wurde
Warum immersive Träume wichtig sind
Grenzen der Studie
Quellen / weiterführende Lektüre
Träume sind nicht zufällig",,426,,30,,6,,<truncated>,,3308,,1197191939791289302,,,
